Time,A1,A2,A3,A4,A5,A6,A7,A8,A9,A10,A11,A12,B1,B2,B3,B4,B5,B6,B7,B8,B9,B10,B11,B12,C1,C2,C3,C4,C5,C6,C7,C8,C9,C10,C11,C12,D1,D2,D3,D4,D5,D6,D7,D8,D9,D10,D11,D12,E1,E2,E3,E4,E5,E6,E7,E8,E9,E10,E11,E12,F1,F2,F3,F4,F5,F6,F7,F8,F9,F10,F11,F12,G1,G2,G3,G4,G5,G6,G7,G8,G9,G10,G11,G12,H1,H2,H3,H4,H5,H6,H7,H8,H9,H10,H11,H12
0:01:01,1380,1390,1390,1400,1302,1576,1441,1524,1627,1700,1492,1751,788,721,740,703,690,748,778,705,750,796,803,796,373,382,379,367,350,387,459,444,417,409,426,452,204,200,190,190,204,221,213,192,219,218,250,254,96,96,104,96,103,114,103,181,114,126,144,133,46,43,74,54,35,42,72,54,58,51,84,74,1704,1563,867,866,449,486,269,278,172,150,116,92,7,6,0,7,5,0,7,0,0,0,0,4
0:02:01,1467,1443,1459,1406,1341,1631,1505,1602,1707,1747,1538,1827,766,733,747,711,723,763,762,740,802,816,839,857,356,368,388,366,361,386,483,452,441,460,457,490,213,192,193,203,210,234,226,197,239,251,263,275,102,94,97,101,104,101,103,160,120,148,167,148,34,43,69,54,73,46,60,61,66,70,94,77,1757,1669,914,948,522,555,306,326,179,173,116,111,12,0,0,0,0,14,1,1,0,0,5,4
0:03:01,1490,1474,1459,1423,1341,1636,1497,1639,1729,1799,1607,1890,756,729,748,721,700,780,827,753,830,830,884,903,370,362,383,363,376,389,473,458,450,481,488,497,201,186,185,201,215,222,229,204,258,250,282,297,97,92,97,109,102,111,102,174,140,138,166,175,52,51,51,49,37,41,66,63,65,75,83,107,1808,1711,962,986,544,580,314,327,198,186,108,111,14,0,1,0,4,11,14,10,9,27,0,0
0:04:01,1503,1469,1458,1488,1348,1643,1553,1668,1780,1853,1616,1923,769,707,764,724,738,753,824,770,859,871,920,927,362,388,376,390,374,395,477,456,474,491,509,526,217,195,188,187,229,235,234,200,264,270,313,303,99,87,95,100,90,96,103,189,131,146,189,184,50,40,49,58,53,57,52,57,70,68,95,93,1855,1743,985,1027,588,621,366,368,220,190,117,135,4,1,5,12,22,6,0,2,0,0,12,5
0:05:01,1482,1483,1483,1444,1387,1630,1550,1682,1800,1880,1682,1968,740,714,757,712,730,771,832,803,910,893,943,954,361,393,384,383,370,388,504,476,503,511,536,566,204,197,208,196,221,232,248,212,290,272,345,321,112,90,106,98,94,110,113,163,144,154,191,194,33,53,62,45,49,38,64,61,67,79,107,110,1883,1779,1022,1090,629,671,358,385,249,228,128,140,4,0,0,13,5,4,10,0,5,4,1,0
0:06:01,1479,1461,1434,1455,1360,1664,1573,1710,1836,1911,1728,2021,769,725,729,758,736,815,865,805,928,942,992,996,364,363,375,357,381,405,520,464,513,528,565,600,210,180,189,186,225,215,232,222,294,287,355,364,113,95,105,99,88,101,114,198,150,158,214,201,38,47,52,43,62,51,70,68,73,73,117,115,1935,1855,1061,1137,638,678,415,418,242,235,149,148,0,0,6,16,13,0,3,2,6,0,13,0
0:07:01,1484,1476,1486,1463,1386,1685,1636,1744,1918,1944,1776,2063,795,709,744,729,762,797,867,806,946,941,1017,1029,380,370,395,406,406,407,513,487,514,551,618,599,215,183,188,200,227,227,238,233,307,318,377,371,109,89,98,118,91,121,112,181,161,155,223,212,48,41,59,37,51,61,60,61,77,86,138,115,1990,1897,1120,1179,706,732,438,462,266,266,160,150,0,4,12,0,6,3,1,14,0,0,0,0
0:08:01,1479,1449,1484,1442,1380,1674,1637,1729,1921,1988,1780,2142,788,702,754,723,749,801,899,852,973,975,1045,1055,366,381,384,377,370,419,509,504,541,548,625,662,218,205,197,209,229,233,243,250,328,318,388,375,95,98,108,94,97,95,131,194,155,170,226,233,50,47,50,41,55,45,58,65,93,86,124,125,2057,1937,1166,1225,723,763,451,474,280,279,164,168,4,4,10,0,14,8,8,0,0,3,2,0
0:09:01,1487,1470,1471,1494,1395,1663,1651,1783,1989,2017,1902,2163,750,720,751,737,746,806,898,847,989,987,1108,1117,368,382,383,398,364,406,539,513,552,576,672,690,215,184,193,201,232,233,241,232,341,326,412,404,101,115,103,106,90,96,114,191,165,185,246,246,45,61,46,58,58,63,54,60,89,87,160,129,2101,1994,1233,1272,770,792,489,507,301,296,182,168,10,1,14,0,2,10,0,5,10,21,8,2
0:10:01,1472,1474,1456,1470,1405,1683,1702,1786,1985,2084,1917,2193,775,699,776,747,777,799,931,854,1022,1048,1138,1168,372,377,388,381,375,410,544,525,599,606,675,718,207,200,206,196,237,224,234,226,328,336,443,429,95,90,102,99,104,120,112,191,182,203,272,244,49,40,48,48,48,48,56,49,97,89,155,135,2155,2053,1250,1323,816,821,499,521,317,330,195,172,5,9,9,8,0,11,4,20,2,8,29,0
0:11:01,1504,1464,1489,1467,1439,1744,1698,1796,2010,2087,1950,2269,783,730,768,733,768,821,950,874,1070,1065,1175,1201,366,365,397,392,387,423,567,506,607,612,722,764,227,192,210,193,225,233,248,235,365,359,450,439,113,114,97,105,113,110,134,206,177,200,288,270,45,55,59,35,35,51,61,62,91,86,150,144,2232,2107,1321,1396,834,877,553,565,347,313,193,200,2,8,6,0,5,0,8,0,4,0,15,7
0:12:01,1485,1448,1477,1472,1396,1714,1703,1836,2099,2126,1998,2306,768,705,780,756,762,817,940,889,1075,1094,1222,1236,363,369,391,406,399,413,554,526,615,648,738,784,235,183,198,195,240,252,267,249,375,361,468,485,96,100,92,109,110,100,133,193,182,194,284,281,39,53,31,63,66,51,69,67,100,98,177,149,2245,2115,1360,1398,871,898,572,590,343,357,198,210,3,25,8,0,0,0,6,5,6,0,8,9
0:13:01,1462,1475,1471,1452,1421,1743,1746,1871,2100,2179,2030,2366,753,710,759,733,772,822,959,896,1097,1131,1240,1265,363,363,376,383,397,409,582,539,632,644,772,830,207,178,175,191,237,235,268,268,376,371,476,487,104,122,97,112,104,99,141,195,208,204,294,282,54,53,52,38,43,48,71,78,92,101,191,165,2299,2194,1415,1480,902,952,598,619,364,369,211,196,7,12,0,0,5,7,0,0,7,2,20,7
0:14:01,1483,1425,1486,1527,1415,1728,1770,1885,2161,2216,2094,2437,769,736,765,754,785,856,985,904,1117,1186,1335,1327,353,374,388,383,414,422,595,542,637,674,797,866,211,181,198,204,244,237,284,276,396,375,544,526,102,98,100,99,114,112,130,195,201,212,312,329,47,46,55,48,50,52,68,69,109,113,176,165,2365,2284,1460,1521,940,973,653,619,368,381,234,216,7,9,10,0,0,4,0,0,7,3,3,0
0:15:01,1482,1447,1492,1465,1441,1736,1778,1870,2145,2233,2137,2459,760,733,769,753,784,841,991,918,1154,1169,1351,1342,380,379,375,375,417,413,597,556,662,695,849,887,207,196,191,208,244,266,269,270,397,390,539,544,106,87,103,111,103,102,140,197,224,222,327,325,54,46,52,55,51,44,75,81,106,110,187,173,2433,2305,1499,1566,1007,1026,667,653,383,405,228,230,6,9,0,7,0,0,0,0,0,4,6,7
0:16:01,1490,1470,1504,1483,1466,1727,1825,1898,2234,2289,2158,2525,785,713,760,757,778,828,1009,915,1191,1214,1366,1404,373,373,398,371,381,441,595,553,708,698,862,935,211,186,191,192,233,249,259,276,429,413,571,543,96,100,97,95,112,111,151,209,214,231,345,325,35,48,46,46,56,59,71,57,115,113,193,176,2444,2379,1562,1615,1024,1077,680,690,424,425,246,245,0,1,0,12,0,6,0,4,1,3,2,0
0:17:01,1465,1467,1477,1482,1449,1748,1816,1911,2282,2319,2217,2603,756,726,754,762,787,825,990,950,1233,1252,1406,1448,381,356,389,383,394,437,605,580,713,721,917,960,232,197,195,203,217,250,284,270,418,419,584,564,106,107,105,105,111,109,152,211,225,230,340,344,66,46,50,42,58,62,81,80,100,119,193,171,2531,2415,1606,1649,1063,1118,711,720,433,425,249,249,6,0,9,13,0,4,11,5,11,11,17,0
0:18:01,1493,1481,1518,1505,1482,1758,1863,1950,2304,2370,2305,2584,761,719,776,752,795,862,1029,971,1242,1264,1457,1497,377,363,386,381,405,432,613,571,745,748,925,979,227,188,196,196,234,240,301,260,435,417,615,591,97,100,105,107,114,111,150,210,227,246,370,373,42,49,32,48,57,56,64,71,125,132,196,184,2553,2478,1653,1707,1083,1150,737,758,459,464,268,253,7,0,0,0,4,3,14,9,13,0,5,9
0:19:01,1507,1483,1519,1483,1453,1754,1880,1989,2309,2413,2333,2631,789,725,767,768,800,856,1040,979,1262,1260,1481,1495,362,374,394,385,416,458,610,584,755,754,953,998,211,197,200,212,238,247,296,293,453,439,624,622,94,83,97,101,118,111,157,224,223,248,353,362,55,39,61,57,46,58,63,76,120,118,204,194,2629,2460,1686,1766,1150,1185,745,764,456,467,264,277,2,8,1,10,0,12,6,5,0,13,7,5
0:20:01,1455,1484,1540,1505,1512,1764,1856,2022,2379,2443,2382,2732,798,706,772,775,799,864,1060,979,1302,1314,1568,1536,370,364,377,386,399,447,652,585,773,807,991,1045,223,189,187,201,248,251,308,287,466,472,656,641,82,92,105,99,116,110,141,230,222,256,403,386,33,61,49,47,54,59,70,67,125,111,197,207,2704,2553,1717,1789,1196,1221,750,818,486,491,265,282,14,9,11,8,14,7,9,0,2,4,4,0
0:21:01,1448,1440,1507,1475,1505,1783,1929,2037,2388,2508,2429,2762,756,692,779,756,815,866,1060,989,1289,1360,1560,1563,356,361,401,387,430,443,645,619,787,808,1005,1064,204,189,205,194,240,255,296,296,459,457,676,676,100,101,107,125,100,126,147,224,250,267,393,383,46,50,41,46,43,50,69,74,111,122,235,201,2733,2628,1776,1812,1232,1267,795,826,491,504,288,287,7,0,0,8,4,0,8,0,10,17,0,0
0:22:01,1489,1470,1527,1529,1486,1781,1979,2047,2466,2515,2470,2783,788,716,783,759,814,910,1087,1008,1349,1364,1598,1640,373,359,401,377,410,445,650,617,815,847,1053,1119,223,192,180,194,250,267,320,309,500,486,700,691,91,95,120,98,104,114,147,223,244,277,405,409,50,48,51,51,70,66,85,79,122,117,233,214,2817,2666,1815,1897,1274,1326,833,865,532,524,315,309,0,5,15,6,0,0,0,12,4,4,0,12
0:23:01,1501,1476,1507,1507,1552,1813,1957,2049,2473,2572,2511,2853,763,714,794,747,821,888,1097,1032,1350,1434,1653,1673,375,371,395,410,420,465,667,619,807,827,1068,1142,217,187,195,195,248,260,308,285,487,487,725,710,103,104,100,105,120,111,156,231,253,263,451,417,52,41,57,61,57,52,92,96,139,141,236,215,2829,2723,1875,1925,1287,1348,872,898,540,536,317,326,17,12,10,0,12,0,17,9,3,0,3,10
0:24:01,1454,1487,1534,1518,1506,1794,1995,2095,2496,2581,2568,2873,767,716,769,761,840,876,1109,1032,1414,1414,1677,1720,368,365,385,390,424,456,676,611,832,862,1097,1176,214,194,187,209,251,235,304,308,510,493,759,731,95,91,96,110,107,122,153,231,254,286,425,439,46,48,36,38,54,57,84,82,142,152,254,233,2892,2732,1907,1993,1347,1381,909,908,552,535,327,320,0,15,11,2,11,19,6,0,2,5,0,0
0:25:01,1468,1450,1518,1488,1553,1793,2010,2109,2566,2612,2630,2985,767,725,794,775,859,897,1119,1057,1438,1449,1746,1764,358,364,400,406,445,434,665,641,878,874,1128,1200,216,180,188,196,251,270,327,317,499,532,747,741,99,102,112,111,122,128,168,228,260,280,444,449,49,51,53,57,70,73,90,82,140,137,253,242,2957,2808,1970,2045,1353,1435,920,950,565,570,336,322,10,9,0,5,5,0,4,3,10,4,8,0
0:26:01,1486,1475,1549,1484,1545,1809,2033,2157,2596,2651,2656,3053,783,698,804,764,832,863,1189,1052,1472,1482,1769,1818,377,370,400,400,441,465,713,640,898,895,1190,1234,211,192,200,220,239,254,332,316,543,524,763,754,98,98,97,103,112,120,160,224,272,310,462,459,47,48,49,49,54,64,75,91,160,138,268,250,2978,2877,2010,2073,1421,1456,950,977,578,575,359,332,10,10,0,0,10,0,0,6,7,9,5,0
0:27:01,1486,1499,1535,1511,1540,1840,2107,2131,2668,2683,2690,3062,743,721,782,749,855,909,1160,1110,1500,1518,1798,1832,342,372,381,405,424,452,702,656,898,924,1190,1280,230,199,203,203,250,263,339,315,544,540,815,783,115,90,96,106,122,110,167,240,285,295,477,451,47,60,58,39,54,60,78,92,139,148,281,239,3049,2909,2079,2127,1438,1492,987,992,609,601,354,340,16,13,15,1,2,0,7,0,5,3,18,0
0:28:01,1474,1489,1525,1521,1536,1802,2065,2174,2658,2734,2772,3125,772,698,786,764,853,901,1202,1111,1531,1540,1853,1854,365,377,394,395,442,453,711,657,929,928,1245,1270,215,194,202,213,249,258,343,335,548,552,793,791,101,93,102,110,114,131,171,235,266,305,482,476,49,54,58,59,69,57,77,99,146,146,276,268,3076,2954,2067,2165,1474,1538,984,1043,635,609,341,359,8,22,6,8,5,10,7,8,1,11,9,4
0:29:01,1457,1470,1522,1522,1548,1851,2118,2201,2700,2765,2791,3171,766,728,794,761,843,915,1185,1104,1558,1558,1903,1922,369,370,381,403,445,470,716,668,943,970,1251,1322,208,198,209,190,265,276,330,315,567,564,843,810,107,104,93,81,102,130,179,244,301,312,507,509,59,40,55,48,66,57,84,86,166,140,283,252,3147,2998,2148,2221,1516,1606,999,1062,633,648,373,361,0,18,22,0,4,2,6,4,18,6,0,2
0:30:01,1528,1439,1546,1502,1564,1847,2148,2221,2745,2819,2865,3218,782,736,792,763,833,915,1199,1133,1590,1587,1934,1959,375,372,401,400,463,466,723,668,944,973,1270,1379,233,201,207,195,254,271,341,324,570,595,852,836,100,97,106,104,128,121,193,237,293,325,523,510,39,52,52,61,59,63,99,81,152,169,308,269,3224,3028,2221,2270,1550,1593,1050,1066,678,642,380,379,11,25,1,8,0,0,5,17,3,8,6,0
0:31:01,1467,1494,1555,1537,1607,1855,2151,2251,2799,2898,2892,3289,752,719,819,776,857,903,1235,1167,1592,1640,1997,2018,374,357,417,407,463,485,722,683,966,1002,1307,1417,216,202,192,230,269,268,364,322,587,582,874,889,103,106,101,98,107,102,179,251,297,340,539,523,48,57,49,49,60,55,101,108,153,169,308,278,3287,3146,2227,2316,1618,1669,1101,1127,678,676,395,389,3,2,0,5,0,8,0,0,2,0,12,1
0:32:01,1531,1462,1556,1519,1592,1847,2204,2279,2820,2914,2933,3299,770,727,817,765,856,924,1248,1153,1615,1690,2008,2043,363,382,418,386,461,470,746,696,978,1003,1354,1414,219,178,194,215,254,275,365,346,583,606,914,892,103,105,114,110,113,131,164,256,310,332,531,534,40,44,47,47,45,67,100,94,155,150,285,285,3287,3180,2287,2394,1623,1673,1091,1139,690,681,417,391,0,16,3,0,0,8,9,8,0,3,0,0
0:33:01,1465,1448,1566,1499,1647,1873,2191,2277,2829,2912,2960,3364,782,706,808,771,876,928,1246,1134,1668,1666,2060,2067,350,379,397,395,440,478,744,689,1021,1062,1378,1442,201,206,189,198,259,250,364,355,606,609,906,901,100,95,111,94,126,133,185,249,325,345,557,555,50,38,47,54,61,60,94,85,170,168,322,279,3346,3236,2318,2390,1686,1753,1133,1153,706,686,420,400,2,0,10,16,15,5,0,1,0,4,0,0
0:34:01,1468,1467,1534,1522,1596,1851,2204,2271,2894,2943,3069,3429,784,719,793,764,881,939,1262,1184,1685,1719,2099,2132,364,359,396,397,456,471,777,711,1039,1056,1389,1454,223,184,194,218,253,273,373,350,637,619,931,944,107,101,109,107,115,130,185,249,336,363,563,544,49,59,54,37,60,71,95,103,170,173,312,296,3425,3244,2367,2456,1736,1765,1132,1184,733,741,415,415,15,8,3,0,0,0,7,12,3,6,2,13
0:35:01,1500,1471,1549,1541,1634,1873,2271,2336,2962,2996,3093,3475,777,738,794,784,883,936,1279,1213,1735,1788,2103,2141,383,363,404,405,457,478,778,718,1065,1059,1419,1523,209,189,198,213,255,280,356,362,632,643,971,930,92,115,106,95,125,130,191,251,323,354,583,579,43,33,54,53,73,56,109,97,186,169,322,297,3491,3299,2427,2504,1741,1858,1168,1188,723,757,439,430,2,15,0,0,10,0,8,0,2,0,1,15
0:36:01,1502,1465,1555,1549,1624,1881,2295,2348,2973,3035,3106,3493,780,738,792,787,905,938,1327,1237,1735,1801,2160,2174,380,395,403,409,467,488,771,721,1067,1081,1455,1554,206,206,202,210,253,280,383,360,653,642,983,967,103,100,115,115,113,129,199,270,329,342,594,593,47,58,43,53,63,71,100,107,181,185,327,327,3520,3399,2509,2540,1764,1894,1206,1223,757,758,428,418,0,13,28,2,6,4,0,5,3,0,0,9
0:37:01,1474,1469,1563,1576,1634,1913,2293,2376,2961,3104,3191,3548,785,721,804,783,914,962,1322,1235,1786,1829,2241,2229,373,379,427,397,455,493,789,739,1087,1089,1491,1577,222,182,211,210,273,276,384,375,676,637,987,986,101,95,114,102,118,125,195,264,333,364,604,593,46,45,52,52,64,74,90,105,178,171,322,329,3584,3444,2479,2634,1845,1893,1255,1265,786,767,452,453,14,10,11,10,8,0,0,14,2,0,3,0
0:38:01,1481,1474,1593,1550,1675,1907,2335,2405,3051,3138,3227,3597,766,717,818,788,897,974,1356,1254,1813,1842,2260,2294,376,381,411,407,459,495,795,739,1088,1139,1514,1630,206,200,219,234,266,280,380,373,667,666,1046,1019,99,94,102,96,127,120,189,258,362,372,622,602,50,61,52,53,65,74,95,103,172,174,356,326,3632,3483,2559,2678,1852,1954,1281,1272,785,796,487,465,10,14,16,0,0,0,3,1,0,4,9,0
0:39:01,1487,1495,1596,1552,1672,1934,2373,2400,3105,3188,3263,3687,774,726,815,774,904,976,1344,1260,1844,1890,2322,2331,358,379,402,421,488,494,819,764,1118,1155,1566,1637,213,204,200,231,264,277,384,382,684,702,1050,1058,95,90,109,115,140,149,210,262,347,383,635,635,60,53,46,50,77,65,108,107,188,174,364,341,3695,3526,2626,2705,1890,1976,1307,1328,795,804,462,465,17,3,8,0,10,3,13,0,3,11,9,0
0:40:01,1508,1477,1567,1571,1663,1946,2379,2458,3104,3216,3324,3747,791,725,816,789,921,977,1373,1231,1899,1931,2328,2348,363,378,412,432,456,500,819,752,1141,1169,1562,1689,214,189,206,217,284,292,404,387,686,690,1097,1068,99,95,120,110,136,136,205,258,367,393,648,616,50,44,51,48,67,61,104,99,180,186,370,335,3782,3581,2640,2785,1943,2014,1329,1345,842,805,483,476,6,2,2,3,1,1,4,3,0,0,2,16
0:41:01,1514,1470,1545,1546,1686,1959,2405,2454,3188,3237,3368,3775,787,729,830,800,902,991,1393,1289,1898,1930,2372,2385,365,368,413,402,475,499,839,773,1156,1220,1610,1721,215,202,203,210,272,284,409,394,717,712,1081,1101,91,109,100,118,138,137,193,267,386,396,647,658,57,48,53,57,70,71,113,118,189,196,384,340,3736,3656,2676,2810,1957,2073,1358,1384,851,844,488,483,10,4,0,7,9,0,0,0,1,4,0,15
0:42:01,1458,1488,1589,1546,1688,1956,2447,2500,3168,3287,3429,3787,786,734,816,767,923,984,1396,1289,1929,1974,2415,2472,382,380,408,417,474,501,825,775,1179,1208,1615,1761,203,196,207,200,267,304,413,386,709,719,1120,1084,103,112,113,103,135,121,210,280,372,405,679,628,57,50,54,54,62,66,94,112,195,193,376,355,3860,3678,2764,2859,2000,2102,1390,1399,867,846,513,503,0,5,6,9,0,0,3,0,0,0,0,0
0:43:01,1504,1486,1619,1574,1682,1966,2479,2519,3281,3316,3481,3883,764,724,832,780,916,976,1423,1304,1976,2009,2487,2504,383,379,404,418,482,496,826,784,1193,1214,1686,1764,212,182,191,210,272,285,397,400,731,732,1133,1115,105,105,117,108,131,130,212,286,376,401,680,672,51,42,57,48,70,78,97,113,196,192,382,370,3929,3733,2827,2918,2049,2108,1407,1440,895,856,517,492,0,12,0,5,14,0,6,6,0,0,5,1
0:44:01,1509,1492,1582,1569,1716,1968,2452,2527,3281,3320,3536,3898,762,730,830,792,924,1000,1408,1348,1964,2025,2469,2538,372,383,419,409,473,504,849,798,1220,1232,1705,1810,206,194,234,228,280,288,429,405,738,743,1163,1150,97,115,119,129,129,126,203,299,390,409,692,701,30,28,51,57,63,73,122,112,209,207,385,360,3962,3765,2834,2968,2079,2171,1429,1451,881,886,513,527,13,1,8,10,9,0,0,15,0,0,10,6
0:45:01,1473,1469,1598,1573,1692,1956,2530,2502,3287,3400,3569,3960,755,723,831,809,933,1000,1437,1339,2014,2079,2562,2556,368,378,406,418,489,526,857,813,1240,1274,1739,1819,197,205,207,220,271,296,421,415,770,767,1171,1161,108,100,96,111,136,153,223,287,416,424,709,689,57,57,56,40,68,54,115,93,197,200,409,381,3998,3817,2872,3010,2099,2230,1443,1504,895,887,535,511,0,7,1,3,0,11,14,11,0,4,4,8
0:46:01,1519,1487,1599,1550,1726,1960,2502,2553,3376,3403,3596,3993,792,726,821,807,951,1005,1447,1335,2027,2098,2605,2595,385,386,401,416,498,524,860,826,1276,1273,1727,1842,209,199,204,212,268,304,436,422,763,780,1196,1163,101,104,111,111,133,140,202,287,409,414,731,707,50,45,55,29,63,60,119,125,219,204,413,376,4065,3902,2907,3054,2168,2252,1475,1540,927,936,530,516,0,12,9,17,5,15,1,8,1,0,3,2
0:47:01,1510,1471,1630,1575,1723,2009,2512,2580,3358,3418,3678,4047,767,745,799,798,936,1001,1487,1360,2075,2117,2607,2642,378,356,418,419,468,512,865,822,1275,1274,1772,1889,213,204,200,211,271,293,457,428,783,775,1213,1188,101,99,100,100,123,136,220,303,410,435,725,717,44,48,53,57,65,71,110,129,212,211,408,390,4090,3962,2992,3127,2186,2300,1517,1536,955,955,538,533,6,5,1,7,1,0,0,9,0,2,0,1
0:48:01,1520,1494,1617,1595,1761,1991,2597,2580,3461,3447,3681,4106,769,714,827,795,941,1016,1503,1372,2082,2137,2692,2699,381,386,418,433,506,521,918,820,1305,1330,1799,1925,211,182,205,217,272,298,459,416,809,783,1228,1217,90,97,113,108,128,135,216,295,415,444,734,720,47,45,50,53,75,71,121,107,221,202,417,408,4165,3979,2990,3151,2249,2360,1509,1572,983,938,566,540,7,16,4,0,0,11,0,3,0,0,2,0
0:49:01,1526,1486,1639,1609,1746,2020,2614,2615,3486,3511,3722,4169,773,720,809,785,960,1017,1527,1420,2123,2164,2703,2726,366,386,414,423,483,522,917,815,1323,1349,1868,1920,207,190,195,213,285,298,429,427,794,802,1261,1222,107,102,110,115,141,131,210,307,420,450,771,742,55,49,70,52,67,74,111,124,221,231,431,389,4240,4064,3102,3167,2255,2375,1587,1585,968,973,548,550,15,10,10,7,1,10,0,2,2,9,1,0
0:50:01,1508,1503,1608,1589,1782,2010,2596,2650,3464,3590,3756,4243,752,716,837,796,953,1017,1544,1402,2165,2224,2750,2764,366,383,429,419,488,539,907,846,1310,1357,1875,1993,223,206,214,218,277,299,449,434,804,818,1286,1293,97,104,99,116,126,159,217,295,427,462,766,760,46,44,59,42,72,60,121,122,214,223,425,399,4292,4125,3147,3250,2320,2436,1605,1663,1001,983,568,571,6,8,7,6,0,0,0,8,13,0,4,0
0:51:01,1497,1487,1600,1594,1794,2017,2630,2664,3539,3564,3836,4263,777,713,822,794,950,1037,1557,1405,2180,2224,2769,2805,371,384,416,426,514,533,902,845,1346,1372,1928,2002,213,186,214,203,287,305,464,441,807,833,1313,1265,101,114,108,116,124,158,225,286,412,471,758,757,52,51,58,58,66,71,113,109,231,221,449,402,4310,4153,3167,3282,2378,2449,1606,1666,1002,985,580,580,8,7,3,4,6,8,5,0,12,0,10,2
0:52:01,1518,1477,1628,1634,1805,2030,2651,2695,3614,3649,3852,4307,769,727,830,810,985,1040,1562,1420,2230,2297,2826,2873,387,376,424,431,513,520,926,859,1386,1402,1919,2044,200,195,227,207,289,296,467,462,840,849,1336,1313,104,106,109,109,144,138,233,312,439,460,802,786,45,50,52,58,66,70,106,118,222,231,459,419,4414,4187,3215,3345,2410,2507,1637,1681,1028,1013,572,572,11,2,16,19,12,0,2,0,7,4,0,0
0:53:01,1522,1488,1641,1627,1797,2027,2672,2701,3607,3648,3958,4276,781,740,831,792,983,1064,1576,1461,2234,2317,2855,2895,366,387,416,419,488,542,939,879,1407,1416,1962,2072,220,178,197,216,291,301,473,432,866,859,1363,1327,95,105,109,114,135,150,235,295,452,486,803,799,56,36,51,49,73,86,105,132,214,241,444,410,4415,4266,3245,3405,2479,2531,1693,1718,1057,1026,597,592,13,12,14,14,1,15,0,0,0,8,2,1
0:54:01,1507,1495,1648,1615,1810,2009,2699,2728,3601,3686,4023,4401,808,743,851,821,989,1061,1589,1435,2273,2290,2877,2909,382,389,422,413,507,559,925,873,1447,1419,1991,2103,200,182,226,207,288,305,467,441,840,866,1379,1339,98,96,117,112,125,127,243,314,462,472,823,794,41,44,56,55,56,70,138,111,237,227,468,422,4481,4297,3295,3452,2475,2565,1694,1712,1047,1059,618,594,10,9,14,10,0,0,6,13,2,0,0,11
0:55:01,1514,1485,1642,1612,1805,2041,2754,2760,3715,3731,3993,4491,781,737,834,819,985,1053,1576,1469,2288,2366,2924,2973,372,375,436,418,520,550,951,865,1415,1465,2037,2149,201,196,221,223,270,295,480,453,860,891,1373,1382,106,98,121,113,140,138,241,302,458,483,817,813,61,49,64,65,70,81,126,135,229,231,450,438,4510,4328,3329,3478,2506,2633,1721,1762,1084,1088,639,620,14,16,0,0,4,11,0,19,5,0,0,5
0:56:01,1493,1482,1622,1600,1803,2082,2747,2774,3695,3844,4107,4526,808,751,830,824,978,1064,1624,1499,2337,2378,2997,3037,371,376,418,423,522,552,955,903,1466,1462,2078,2164,216,192,210,218,289,308,486,462,875,881,1391,1387,90,93,109,111,132,150,253,307,471,510,823,839,51,59,49,48,75,76,130,146,244,249,458,443,4571,4419,3372,3547,2563,2655,1756,1812,1102,1130,618,618,16,14,7,0,7,0,7,0,0,2,14,4
0:57:01,1493,1504,1657,1634,1833,2064,2769,2817,3785,3859,4162,4565,786,735,856,821,981,1055,1611,1513,2360,2387,3013,3029,397,385,431,419,516,547,978,890,1501,1493,2078,2174,205,202,224,227,301,297,491,478,895,893,1415,1404,94,102,123,110,130,156,257,322,462,491,854,811,39,39,56,56,76,65,131,127,249,230,495,455,4661,4454,3470,3598,2611,2661,1805,1834,1089,1104,648,645,0,5,0,1,15,0,2,10,5,2,0,2
0:58:01,1536,1512,1644,1621,1842,2057,2842,2835,3792,3846,4140,4589,797,732,837,819,989,1075,1655,1519,2408,2426,3086,3090,389,388,420,426,515,557,985,901,1481,1514,2125,2244,205,213,220,219,288,316,496,488,926,939,1428,1435,91,103,115,134,126,164,242,322,460,507,885,860,50,39,58,51,53,65,135,138,245,268,510,443,4675,4528,3529,3605,2647,2765,1812,1869,1118,1118,632,643,2,14,0,3,0,13,14,8,1,0,5,8
0:59:01,1513,1488,1639,1625,1854,2068,2808,2842,3831,3861,4210,4608,783,728,859,800,1013,1077,1668,1512,2411,2458,3069,3133,379,370,421,414,530,558,983,909,1491,1522,2106,2257,213,201,212,219,304,293,499,487,928,923,1484,1457,95,101,123,109,134,157,238,329,487,525,881,849,49,50,51,61,69,78,129,149,254,240,506,445,4743,4548,3495,3645,2678,2766,1829,1872,1132,1131,645,634,0,12,0,0,0,6,1,0,8,9,1,0
1:00:01,1499,1485,1636,1604,1843,2081,2840,2836,3849,3939,4242,4700,794,753,852,813,1007,1102,1677,1554,2453,2513,3122,3151,389,380,440,426,522,572,988,909,1522,1571,2171,2282,209,194,211,225,284,319,494,489,929,961,1488,1486,103,109,109,118,151,142,266,322,503,495,899,878,54,42,50,49,77,78,115,133,258,258,506,477,4806,4632,3585,3732,2683,2842,1828,1899,1164,1134,665,665,4,0,0,0,6,10,0,13,4,0,7,15
1:01:01,1509,1481,1633,1602,1851,2128,2919,2895,3897,3959,4249,4690,794,762,875,811,1005,1090,1694,1541,2462,2513,3153,3198,376,401,425,430,523,555,1001,951,1547,1547,2215,2337,200,204,207,207,290,326,506,484,942,932,1521,1480,100,100,111,131,137,142,235,322,486,547,916,888,35,54,49,59,73,66,123,148,232,278,515,468,4839,4689,3647,3754,2735,2822,1896,1943,1191,1156,685,656,8,0,7,1,0,11,12,0,5,0,3,0
1:02:01,1534,1487,1679,1618,1855,2087,2914,2915,3899,4011,4330,4757,765,739,845,835,1008,1105,1716,1568,2497,2513,3231,3242,382,368,436,416,545,575,1027,931,1573,1574,2230,2371,212,194,217,224,285,328,493,493,953,942,1535,1513,88,99,120,130,141,149,257,328,488,538,935,905,50,55,55,54,75,73,132,140,252,258,524,469,4944,4705,3661,3817,2798,2901,1882,1964,1179,1171,688,689,0,4,16,0,5,0,4,2,4,1,0,9
1:03:01,1534,1504,1685,1610,1872,2107,2930,2923,3947,4059,4383,4807,790,730,863,813,1022,1095,1742,1593,2509,2574,3284,3314,374,376,435,439,533,576,1021,944,1589,1611,2260,2403,224,208,207,206,291,336,516,499,981,964,1552,1547,93,108,119,114,141,162,253,325,506,565,936,909,51,55,74,47,75,75,131,134,269,268,532,463,5006,4722,3702,3898,2836,2939,1961,1966,1202,1213,684,675,5,0,8,6,10,7,0,7,9,0,4,11
1:04:01,1499,1482,1641,1679,1883,2148,2936,2927,3992,4058,4449,4820,817,729,860,807,1006,1113,1732,1624,2566,2625,3304,3296,377,387,427,421,531,573,1016,935,1617,1627,2289,2420,210,208,205,233,286,323,524,484,995,977,1535,1540,99,104,104,123,143,162,267,332,511,550,934,924,47,49,69,71,72,81,133,154,265,268,530,480,4990,4791,3774,3911,2830,2945,1974,2013,1227,1214,693,694,0,7,9,2,1,6,5,4,3,3,3,12
1:05:01,1519,1498,1649,1636,1909,2139,2965,2965,4017,4100,4492,4898,812,740,851,819,1036,1137,1749,1602,2589,2615,3339,3377,373,364,446,428,565,568,1039,968,1615,1666,2316,2464,209,188,227,229,304,321,507,518,988,1008,1584,1571,111,95,124,124,150,151,269,337,525,549,981,935,33,51,55,52,68,78,134,136,264,267,549,491,5050,4857,3866,3950,2869,3016,1985,2037,1236,1260,723,704,4,8,7,4,16,3,4,1,12,0,8,0
1:06:01,1525,1519,1669,1631,1909,2167,3011,2976,4022,4137,4534,4927,767,738,848,828,1046,1117,1797,1614,2613,2637,3377,3428,388,383,425,439,552,590,1069,965,1648,1692,2332,2484,199,213,217,211,303,317,532,514,995,1019,1613,1576,114,94,115,105,147,144,268,336,513,564,979,938,53,46,44,51,75,89,140,124,255,281,554,510,5119,4875,3850,4022,2927,3064,1993,2035,1285,1264,715,731,17,13,0,0,2,12,3,10,7,0,4,0
1:07:01,1520,1503,1652,1638,1918,2157,3044,3002,4106,4201,4589,5049,780,737,867,844,1039,1156,1785,1654,2672,2680,3423,3458,373,394,440,446,554,575,1059,986,1628,1705,2380,2527,218,202,225,224,294,339,540,525,1027,994,1631,1619,111,111,135,114,144,167,281,324,532,570,995,960,45,40,47,50,67,83,139,153,264,267,540,505,5208,4959,3912,4054,3005,3105,2065,2081,1291,1285,751,753,0,9,0,5,0,0,10,10,0,7,5,4
1:08:01,1520,1520,1660,1625,1902,2180,3061,3003,4136,4268,4608,5078,770,750,870,844,1066,1146,1826,1670,2672,2697,3417,3468,373,375,425,439,538,571,1062,988,1687,1711,2408,2552,211,189,207,231,315,316,551,533,1017,1025,1681,1636,106,98,133,115,144,147,273,353,561,580,997,949,46,54,55,57,83,72,143,139,270,269,569,508,5213,5011,3922,4122,3014,3095,2071,2101,1289,1274,753,743,2,7,0,5,7,5,9,0,15,14,0,10
1:09:01,1520,1541,1682,1661,1965,2179,3072,3068,4223,4276,4727,5110,766,754,868,839,1063,1170,1829,1668,2718,2765,3514,3520,379,383,454,454,562,582,1101,1011,1706,1733,2426,2595,209,192,230,220,326,321,550,515,1029,1040,1678,1669,97,107,101,110,148,140,284,357,559,584,1005,986,41,67,71,55,49,74,132,158,286,287,561,515,5260,5110,3997,4123,3078,3168,2112,2130,1333,1301,766,748,8,4,1,6,0,12,3,0,0,14,10,6
1:10:01,1514,1521,1654,1651,1947,2197,3065,3084,4181,4305,4713,5200,813,745,866,837,1066,1153,1834,1693,2705,2780,3566,3576,380,366,439,446,549,585,1091,1006,1689,1735,2475,2604,211,190,214,226,311,330,563,534,1037,1038,1712,1705,105,109,119,111,143,158,277,345,552,600,1021,983,41,42,62,60,68,85,133,156,278,301,559,528,5354,5167,4023,4182,3080,3181,2132,2133,1311,1320,761,727,0,8,5,0,21,6,0,8,7,13,12,9
1:11:01,1554,1497,1684,1655,1938,2208,3089,3087,4281,4351,4796,5199,782,733,877,839,1063,1151,1851,1719,2746,2848,3561,3658,394,371,427,450,565,603,1097,1000,1742,1767,2491,2632,207,224,220,231,301,326,554,530,1069,1064,1703,1682,100,98,127,106,161,161,280,343,575,609,999,996,62,52,57,58,80,96,154,152,278,300,571,539,5366,5188,4091,4244,3151,3233,2147,2195,1347,1326,766,759,4,18,0,14,13,0,16,2,0,9,6,4
1:12:01,1527,1501,1672,1639,1972,2178,3165,3125,4277,4387,4816,5223,804,752,857,845,1082,1156,1861,1714,2812,2840,3594,3660,370,386,443,446,569,589,1108,1021,1724,1772,2519,2664,230,193,241,208,309,329,558,551,1079,1077,1742,1718,94,102,115,122,161,144,280,349,563,595,1034,984,45,60,50,52,81,83,132,155,287,305,590,530,5424,5214,4118,4303,3181,3253,2175,2229,1364,1340,800,756,3,18,3,13,5,0,5,0,0,3,0,3
1:13:01,1515,1524,1710,1682,1980,2180,3197,3160,4324,4439,4857,5287,783,731,862,829,1083,1160,1882,1732,2823,2839,3643,3701,386,382,438,446,573,585,1105,1040,1788,1816,2570,2707,202,194,231,218,327,342,568,550,1104,1089,1769,1728,88,103,130,105,154,168,292,365,573,608,1054,1023,49,47,57,57,79,95,150,142,295,300,591,528,5504,5233,4180,4390,3151,3290,2223,2210,1362,1380,781,788,8,8,11,10,3,13,4,8,0,1,6,0
1:14:01,1498,1506,1686,1672,1981,2216,3132,3119,4360,4393,4915,5331,795,733,864,848,1069,1142,1908,1727,2852,2878,3716,3712,382,383,441,437,560,579,1106,1042,1780,1827,2590,2692,215,198,224,232,307,345,570,534,1104,1104,1784,1753,102,99,118,117,146,145,299,362,579,627,1076,1033,43,49,44,47,59,67,148,165,290,302,606,548,5500,5254,4215,4444,3235,3298,2227,2250,1409,1375,774,769,9,15,0,2,14,0,11,7,3,1,7,12
1:15:01,1505,1479,1728,1661,1956,2206,3189,3145,4339,4462,4936,5407,816,732,861,831,1083,1181,1921,1768,2862,2916,3716,3772,386,392,450,452,587,597,1120,1055,1861,1838,2583,2783,196,177,226,222,319,341,582,549,1101,1111,1798,1762,102,86,117,113,144,166,298,354,609,622,1082,1037,65,53,65,46,75,78,150,170,315,301,590,550,5524,5348,4239,4456,3265,3369,2258,2291,1414,1392,797,790,15,10,12,2,0,5,2,4,5,9,0,16
1:16:01,1532,1507,1713,1671,2021,2254,3281,3175,4379,4531,5034,5381,783,740,866,863,1108,1184,1919,1767,2921,2970,3765,3793,353,380,443,439,577,639,1151,1051,1804,1885,2638,2738,198,198,230,233,320,344,579,560,1121,1139,1825,1817,108,107,129,122,152,154,289,364,594,624,1069,1074,48,49,55,49,94,72,143,155,301,301,615,559,5594,5415,4250,4497,3341,3431,2283,2316,1413,1432,808,802,0,0,12,1,2,17,3,6,7,3,3,8
1:17:01,1497,1498,1673,1673,1995,2219,3270,3219,4419,4529,5054,5431,796,731,861,833,1097,1210,1936,1756,2901,2985,3761,3807,383,390,438,432,566,585,1167,1027,1831,1877,2669,2835,230,204,216,221,313,343,591,576,1130,1124,1856,1836,100,113,112,116,159,161,288,365,600,637,1083,1062,46,37,56,61,72,76,173,171,309,299,602,570,5720,5462,4321,4508,3292,3437,2312,2335,1435,1441,820,837,4,6,0,0,0,0,0,2,5,0,0,2
1:18:01,1546,1502,1693,1713,2002,2215,3287,3221,4453,4563,5084,5512,797,734,891,850,1092,1178,1952,1766,2927,2983,3822,3895,378,381,451,442,594,607,1144,1073,1890,1904,2714,2836,206,188,212,226,322,356,586,571,1150,1154,1851,1828,100,103,122,127,169,179,291,361,593,646,1125,1051,49,42,52,51,84,80,147,154,296,319,614,569,5697,5517,4390,4612,3369,3505,2314,2371,1455,1436,838,829,0,0,0,10,8,6,5,8,8,0,0,11
1:19:01,1525,1490,1701,1645,2063,2250,3261,3272,4511,4630,5158,5559,807,727,885,838,1125,1238,1990,1811,2954,3055,3908,3916,379,395,431,448,587,620,1168,1065,1870,1911,2703,2877,203,204,228,238,314,341,606,568,1155,1161,1884,1863,94,96,119,117,148,161,308,397,618,647,1121,1092,50,58,68,50,70,65,164,170,297,298,641,595,5799,5599,4437,4650,3414,3515,2385,2375,1494,1453,846,836,0,7,15,8,0,2,0,10,0,5,0,5
1:20:01,1543,1499,1702,1669,2061,2253,3303,3301,4525,4655,5259,5605,809,741,887,848,1115,1220,2003,1806,3016,3058,3892,3965,385,373,452,436,583,611,1184,1086,1938,1936,2766,2899,213,215,213,233,330,348,608,599,1188,1163,1900,1888,103,106,126,111,173,175,313,359,623,660,1127,1091,42,51,62,51,77,95,144,168,303,319,644,596,5861,5679,4496,4699,3450,3600,2374,2427,1478,1476,864,837,0,10,6,0,10,5,0,7,8,0,0,12
1:21:01,1536,1502,1688,1705,2046,2283,3359,3276,4634,4673,5188,5649,798,756,877,864,1139,1212,2007,1811,3029,3079,3974,4013,380,370,439,434,595,626,1206,1093,1918,1962,2795,2942,223,197,217,228,310,347,607,610,1170,1186,1926,1923,96,90,117,113,171,172,311,377,618,675,1138,1132,50,48,73,64,81,90,146,167,303,339,628,592,5884,5598,4514,4697,3495,3638,2397,2437,1486,1490,862,855,1,11,0,0,6,4,0,0,0,13,13,2
1:22:01,1524,1514,1731,1702,2043,2320,3381,3301,4641,4729,5275,5684,803,743,894,856,1151,1225,2023,1873,3061,3126,4006,4051,400,381,446,447,578,631,1187,1096,1964,1971,2822,2982,209,208,216,225,328,344,614,594,1198,1192,1951,1904,112,96,136,128,167,164,306,377,621,660,1176,1131,56,47,62,58,86,101,145,168,315,306,641,603,6006,5724,4580,4746,3511,3661,2426,2486,1516,1508,867,844,17,4,1,0,5,0,14,4,7,15,16,0
1:23:01,1500,1505,1739,1704,2078,2286,3389,3342,4641,4777,5298,5769,813,740,874,846,1140,1201,2040,1877,3074,3151,4069,4094,377,376,462,457,602,637,1189,1108,1955,1987,2826,2988,203,205,223,240,318,339,629,596,1190,1214,1983,1964,88,95,117,113,171,179,315,377,651,671,1183,1155,54,55,68,50,82,71,163,168,329,332,666,603,6021,5733,4601,4837,3527,3684,2470,2482,1520,1540,892,871,1,16,11,18,0,6,2,2,0,5,0,7
1:24:01,1537,1542,1740,1705,2039,2317,3424,3335,4684,4779,5364,5825,786,759,874,853,1149,1251,2027,1874,3106,3195,4102,4097,402,378,464,441,606,635,1233,1101,1998,2015,2865,3016,212,217,217,239,334,348,615,617,1207,1221,2007,1959,104,94,117,124,155,181,317,399,625,680,1182,1174,46,53,44,47,75,74,150,173,329,322,655,587,6045,5788,4697,4902,3580,3744,2491,2550,1546,1561,888,864,0,5,3,4,0,13,7,7,12,10,0,12
1:25:01,1520,1498,1746,1695,2107,2325,3452,3361,4745,4836,5439,5865,797,759,874,835,1131,1230,2080,1870,3165,3218,4082,4172,366,383,447,436,586,641,1226,1113,2004,2033,2898,3061,213,224,234,225,320,357,633,618,1197,1236,2004,1961,106,105,130,124,162,183,326,402,646,673,1181,1141,51,54,59,56,80,83,171,165,337,342,675,628,6053,5856,4725,4921,3638,3776,2469,2509,1560,1567,908,896,5,11,14,3,11,10,4,2,9,0,0,4
1:26:01,1539,1484,1714,1673,2057,2315,3436,3405,4754,4834,5474,5900,791,737,921,853,1123,1221,2064,1893,3124,3265,4166,4224,394,377,453,437,603,621,1234,1121,2049,2026,2925,3084,211,194,220,234,332,351,626,617,1251,1249,2025,1984,109,104,117,115,144,168,323,402,627,705,1230,1174,61,35,68,58,71,65,147,162,332,350,650,613,6240,5862,4748,5038,3649,3771,2541,2592,1586,1572,902,887,0,0,1,0,7,2,0,2,7,2,13,0
1:27:01,1552,1510,1736,1697,2102,2316,3473,3440,4779,4943,5521,5886,801,762,883,892,1136,1288,2092,1916,3235,3281,4229,4281,381,393,446,455,605,629,1240,1148,2037,2039,2984,3148,210,198,233,227,340,359,635,608,1237,1292,2046,2008,102,108,120,105,158,173,329,405,669,701,1220,1179,48,51,74,54,86,90,163,178,346,346,697,632,6236,6003,4785,5045,3709,3884,2581,2621,1594,1592,907,939,0,19,1,3,6,7,13,6,5,8,1,9
1:28:01,1528,1514,1725,1692,2088,2338,3484,3455,4809,4903,5533,5945,779,739,893,872,1181,1273,2119,1911,3209,3315,4259,4285,401,377,458,454,592,656,1238,1162,2027,2084,3002,3158,207,195,223,222,342,349,630,625,1250,1295,2060,2030,93,109,120,128,174,178,325,402,663,706,1212,1206,50,62,55,52,90,79,170,160,341,321,694,646,6240,6003,4878,5077,3750,3892,2603,2626,1615,1607,924,913,4,5,7,0,0,13,0,3,0,3,5,0
1:29:01,1542,1532,1754,1711,2108,2329,3512,3454,4890,4993,5583,6026,770,746,904,853,1152,1292,2133,1983,3237,3328,4310,4273,371,382,449,481,619,667,1274,1163,2073,2103,3001,3170,210,200,234,228,340,351,631,622,1281,1288,2092,2055,106,101,128,117,165,172,328,390,663,705,1238,1217,52,44,63,69,77,98,165,184,333,341,713,650,6295,6054,4933,5113,3768,3939,2622,2659,1620,1594,953,915,0,9,15,0,8,0,0,8,2,5,0,1
1:30:01,1537,1514,1753,1696,2131,2357,3532,3479,4890,5075,5645,5965,813,740,881,847,1157,1257,2149,1971,3295,3396,4280,4360,377,387,435,434,643,663,1247,1183,2132,2120,3067,3209,194,192,231,239,329,376,651,659,1302,1295,2124,2082,102,114,120,113,166,168,327,410,687,746,1261,1202,53,34,65,59,78,90,176,179,333,342,697,668,6353,6151,4963,5186,3801,3950,2647,2651,1650,1653,926,935,13,9,5,3,0,6,2,2,0,14,4,4
1:31:01,1523,1528,1745,1723,2133,2357,3568,3511,4905,4999,5728,6081,801,755,902,858,1177,1263,2174,1947,3268,3398,4362,4387,368,381,448,455,611,638,1276,1175,2127,2137,3060,3220,233,205,235,227,333,370,645,623,1289,1282,2139,2082,114,100,124,122,180,181,339,403,700,755,1258,1232,47,54,54,56,88,81,185,167,362,346,690,641,6384,6144,4963,5216,3847,4012,2686,2684,1650,1664,939,937,0,17,8,7,21,14,5,8,4,0,0,0
1:32:01,1507,1532,1758,1696,2109,2343,3624,3497,4965,5082,5718,6124,797,750,880,860,1170,1299,2124,1991,3329,3397,4399,4405,374,382,458,454,624,644,1284,1205,2117,2133,3113,3265,202,217,238,234,338,368,666,646,1330,1307,2181,2140,100,92,109,129,164,182,351,412,701,722,1249,1282,58,44,57,61,77,94,164,186,364,356,717,650,6423,6292,5020,5263,3876,4062,2697,2739,1664,1678,952,928,6,9,5,9,0,2,0,0,8,17,8,0
1:33:01,1529,1507,1743,1717,2107,2373,3637,3525,4960,5103,5751,6220,778,720,916,849,1173,1259,2182,2002,3339,3425,4425,4501,367,360,443,481,624,664,1294,1178,2144,2153,3106,3289,210,202,228,238,355,356,663,636,1321,1340,2143,2132,110,111,144,123,171,168,327,395,701,755,1290,1289,40,45,55,54,81,84,160,179,352,366,722,660,6566,6200,5029,5317,3899,4063,2697,2769,1706,1709,941,949,12,7,8,0,0,0,7,8,4,0,0,11
1:34:01,1518,1525,1766,1717,2147,2389,3633,3575,5076,5137,5802,6250,787,744,886,866,1166,1300,2180,2009,3390,3458,4420,4492,396,384,461,455,633,666,1300,1211,2160,2238,3141,3345,199,185,212,241,358,367,678,668,1340,1308,2234,2157,111,113,139,120,173,196,322,399,715,764,1277,1259,42,43,68,62,78,97,168,171,358,360,721,669,6590,6305,5104,5335,3971,4112,2706,2800,1714,1709,973,949,1,10,0,5,0,5,9,3,0,1,3,15
1:35:01,1543,1538,1753,1682,2144,2430,3664,3583,5068,5161,5862,6319,791,754,910,882,1196,1310,2216,2023,3400,3495,4555,4506,383,407,443,459,626,686,1316,1183,2199,2233,3162,3376,204,201,223,229,337,366,689,647,1342,1376,2210,2206,103,102,135,121,176,179,339,399,721,759,1301,1281,43,53,78,63,79,76,163,186,360,369,735,661,6630,6438,5197,5392,4011,4184,2762,2813,1728,1715,975,976,13,6,0,6,7,0,0,0,3,2,4,0
1:36:01,1517,1525,1772,1756,2165,2412,3666,3580,5154,5187,5959,6336,776,748,882,864,1184,1299,2231,2053,3454,3505,4496,4598,391,378,460,474,641,660,1307,1231,2233,2239,3211,3424,219,219,244,233,344,376,692,665,1339,1377,2246,2196,103,107,113,105,169,184,342,430,730,753,1340,1300,52,51,52,70,70,86,176,183,366,378,756,659,6703,6427,5172,5445,4021,4131,2778,2841,1744,1728,997,967,5,13,9,0,2,0,5,4,2,7,6,1
1:37:01,1534,1526,1749,1705,2183,2423,3679,3637,5131,5281,5918,6369,800,753,922,880,1174,1312,2235,2041,3472,3547,4575,4590,379,372,466,465,675,675,1326,1210,2211,2236,3257,3415,217,202,230,227,351,366,676,662,1363,1390,2272,2191,87,107,127,117,164,184,349,404,727,765,1321,1297,56,32,54,52,95,85,191,190,385,356,759,697,6737,6512,5289,5541,4087,4221,2826,2845,1747,1767,992,984,19,9,3,6,6,1,2,0,0,16,9,0
1:38:01,1534,1540,1769,1754,2179,2402,3750,3663,5197,5296,5994,6446,784,770,946,878,1203,1312,2275,2082,3497,3553,4698,4676,376,389,474,477,646,658,1336,1224,2256,2286,3285,3465,217,197,227,240,350,380,702,679,1394,1414,2259,2233,109,96,124,129,153,182,345,411,714,782,1350,1320,34,47,57,56,89,92,174,202,374,361,771,713,6758,6519,5301,5533,4075,4319,2864,2922,1775,1777,1005,997,10,14,0,12,3,12,11,8,13,11,11,11
1:39:01,1537,1503,1799,1739,2183,2436,3773,3715,5261,5329,6057,6471,800,729,922,886,1222,1327,2287,2094,3510,3641,4647,4683,411,379,447,459,635,685,1336,1254,2237,2306,3362,3491,208,196,249,245,360,379,688,674,1419,1394,2279,2251,93,99,123,127,171,200,343,405,736,784,1367,1335,51,42,67,61,90,82,166,189,387,374,766,707,6821,6577,5354,5575,4162,4314,2840,2900,1814,1780,1026,1012,13,5,11,5,22,2,6,4,11,5,12,0
1:40:01,1534,1527,1773,1752,2186,2414,3735,3705,5248,5364,6132,6542,808,739,914,883,1219,1324,2306,2064,3573,3619,4720,4710,382,371,451,460,664,670,1378,1265,2262,2334,3299,3531,196,209,238,227,352,378,700,681,1395,1404,2301,2305,90,114,115,116,172,179,349,416,743,805,1374,1343,60,52,70,57,86,98,183,186,395,390,775,692,6944,6649,5369,5652,4173,4364,2938,2932,1821,1792,1044,1008,5,20,2,2,0,7,2,3,11,0,7,5
1:41:01,1510,1525,1775,1720,2199,2436,3773,3668,5322,5374,6110,6528,795,737,907,875,1211,1331,2296,2084,3631,3682,4709,4784,376,385,445,463,628,692,1357,1259,2300,2369,3368,3571,215,217,222,243,346,387,712,674,1421,1433,2342,2301,118,95,119,117,166,177,367,437,756,784,1374,1354,56,48,74,55,91,92,178,195,368,392,792,689,6839,6683,5435,5665,4155,4406,2918,2947,1824,1809,1032,1030,1,15,2,0,2,6,3,0,9,2,0,1
1:42:01,1514,1485,1777,1728,2214,2451,3795,3722,5309,5454,6155,6589,775,756,919,891,1220,1318,2325,2117,3617,3636,4800,4836,385,381,464,473,636,675,1371,1240,2305,2359,3307,3566,207,208,228,243,342,372,700,680,1428,1415,2317,2265,100,97,119,125,166,166,364,428,746,795,1413,1381,59,60,61,57,72,91,186,182,390,399,773,730,6983,6705,5520,5751,4265,4405,2940,3011,1843,1822,1035,1033,0,7,1,0,2,9,11,5,0,19,8,9
1:43:01,1501,1497,1797,1730,2232,2469,3844,3705,5321,5448,6240,6594,808,748,913,889,1212,1341,2310,2135,3674,3721,4800,4846,381,389,480,457,653,661,1368,1292,2332,2382,3403,3598,209,208,221,232,347,378,721,672,1451,1439,2343,2313,105,90,115,131,167,192,354,427,774,785,1415,1377,46,41,71,59,77,92,185,199,383,375,791,715,6953,6809,5567,5811,4293,4516,2968,3025,1835,1826,1037,1035,12,9,17,16,5,11,0,0,0,0,4,3
1:44:01,1495,1518,1760,1756,2271,2473,3882,3793,5401,5499,6306,6698,807,747,913,872,1244,1358,2364,2153,3724,3797,4813,4912,390,390,466,480,647,697,1397,1293,2373,2405,3466,3614,218,193,230,229,368,382,709,701,1481,1463,2397,2362,114,95,118,130,162,206,360,441,750,805,1424,1385,44,48,64,62,91,97,168,207,398,386,788,731,7012,6841,5520,5798,4348,4545,3004,3022,1880,1824,1049,1045,0,1,1,0,0,0,0,3,14,0,5,13
1:45:01,1507,1484,1762,1729,2239,2493,3940,3814,5404,5556,6276,6692,797,762,920,884,1233,1357,2340,2156,3735,3758,4907,4930,373,386,460,468,648,678,1379,1262,2368,2377,3490,3637,194,199,242,250,367,365,698,710,1460,1457,2375,2346,105,107,130,119,176,175,367,447,763,813,1423,1414,40,54,54,67,91,90,191,209,403,380,800,728,7102,6918,5604,5904,4374,4503,3025,3082,1871,1885,1066,1032,6,13,0,7,1,1,0,13,6,11,2,0
1:46:01,1544,1520,1768,1766,2288,2468,3929,3789,5462,5567,6362,6815,829,734,916,901,1249,1348,2381,2218,3708,3817,4864,4963,382,390,479,464,641,696,1408,1306,2416,2459,3522,3719,213,196,239,252,361,383,717,702,1485,1458,2438,2397,113,104,114,138,175,175,364,440,765,822,1465,1413,46,50,52,60,100,99,184,200,396,390,825,742,7200,6954,5667,5952,4402,4533,3032,3083,1894,1893,1068,1043,0,14,3,7,5,0,11,0,8,0,7,0
1:47:01,1512,1535,1818,1785,2254,2470,3983,3809,5540,5589,6372,6825,802,740,907,898,1238,1368,2380,2183,3779,3800,4983,4971,387,385,459,478,646,711,1409,1323,2431,2456,3542,3713,217,186,240,242,366,370,758,699,1497,1485,2447,2406,106,116,118,121,183,196,366,438,773,833,1476,1406,41,54,41,63,81,87,186,189,393,423,812,746,7217,6896,5746,5990,4437,4625,3065,3102,1923,1905,1072,1051,11,12,11,0,0,0,0,5,0,8,5,0
1:48:01,1528,1494,1778,1781,2269,2496,3987,3846,5509,5589,6505,6876,803,752,916,889,1239,1381,2372,2187,3767,3852,4934,5055,371,403,473,472,655,702,1411,1302,2443,2439,3578,3749,202,208,253,241,348,379,712,721,1479,1499,2457,2445,106,113,113,114,189,186,360,437,779,833,1456,1429,35,62,65,66,77,90,194,202,390,403,824,751,7238,6964,5712,5961,4454,4587,3115,3150,1926,1912,1101,1084,1,9,4,0,3,0,7,2,8,6,0,1
1:49:01,1544,1547,1823,1746,2302,2492,3969,3829,5590,5698,6506,6894,812,747,929,898,1254,1379,2436,2202,3812,3892,5040,5107,376,401,464,473,674,729,1430,1338,2480,2494,3568,3803,207,201,251,235,366,399,743,705,1510,1510,2474,2442,111,102,127,131,171,188,363,439,796,841,1491,1426,43,54,60,60,79,104,193,198,419,421,818,759,7316,7083,5829,6035,4466,4711,3109,3171,1963,1956,1122,1083,0,10,0,12,11,0,15,0,0,10,0,1
1:50:01,1507,1519,1821,1771,2285,2545,4012,3914,5623,5740,6528,6952,785,760,944,893,1274,1402,2431,2243,3809,3896,5051,5096,394,393,472,479,668,697,1423,1333,2449,2501,3634,3809,198,201,235,252,358,392,750,724,1546,1536,2496,2467,106,110,116,120,178,197,384,444,809,841,1489,1442,47,46,63,53,88,97,180,213,408,416,837,762,7386,7174,5831,6147,4544,4821,3156,3200,1962,1961,1099,1104,16,6,20,10,0,9,0,10,5,5,0,0
1:51:01,1544,1543,1792,1746,2274,2532,4050,3909,5653,5768,6565,7000,800,732,941,902,1284,1400,2476,2233,3835,3974,5138,5142,403,390,486,468,664,724,1461,1322,2510,2540,3619,3861,213,208,242,247,362,390,744,720,1537,1548,2504,2466,104,90,120,129,187,193,374,427,807,844,1496,1453,35,56,54,61,71,94,199,198,409,405,830,775,7441,7068,5902,6209,4557,4714,3186,3226,1990,1969,1133,1089,14,21,2,5,0,0,11,12,11,9,0,0
1:52:01,1523,1534,1791,1803,2306,2559,3987,3925,5681,5805,6657,7077,804,743,925,883,1273,1403,2481,2231,3886,3996,5183,5226,388,395,446,486,683,707,1470,1360,2514,2529,3681,3839,215,205,236,239,382,376,771,737,1538,1540,2531,2483,93,101,128,126,189,201,389,446,807,858,1520,1478,43,51,61,53,86,89,186,205,430,416,861,773,7454,7237,5934,6199,4632,4766,3186,3234,1967,1984,1120,1107,5,0,12,10,8,0,7,0,4,3,0,0
1:53:01,1531,1520,1800,1765,2311,2527,4067,3944,5655,5788,6653,7048,808,740,932,916,1287,1375,2480,2264,3893,3980,5175,5248,374,382,494,478,679,696,1463,1345,2524,2581,3682,3905,204,205,236,251,381,376,779,739,1545,1550,2558,2536,112,114,139,135,176,186,394,455,835,876,1538,1468,45,56,59,55,67,104,176,221,419,424,868,794,7524,7294,6004,6246,4641,4799,3228,3275,2019,2015,1133,1099,4,3,8,8,1,0,4,0,6,4,9,10
1:54:01,1530,1491,1810,1745,2280,2515,4070,3989,5715,5827,6707,7113,790,755,940,897,1298,1385,2539,2253,3909,4056,5219,5286,384,379,472,475,690,711,1463,1369,2547,2596,3714,3896,206,195,249,248,376,395,764,743,1562,1604,2607,2511,93,105,109,130,187,188,383,459,820,880,1566,1528,55,52,58,62,75,88,204,207,428,427,864,796,7560,7286,6057,6234,4687,4846,3235,3355,2010,2021,1166,1128,10,14,3,0,5,3,3,8,6,3,0,4
1:55:01,1539,1523,1814,1738,2321,2578,4179,4025,5742,5827,6779,7219,808,739,933,903,1266,1398,2499,2259,3939,4123,5249,5271,371,380,487,482,693,725,1478,1353,2526,2595,3777,3961,215,206,243,244,367,395,780,753,1575,1573,2592,2573,115,99,130,126,188,195,382,457,819,877,1574,1517,45,44,64,64,96,92,213,215,425,425,868,801,7636,7390,6074,6364,4746,4894,3266,3312,2017,2019,1158,1125,0,6,4,3,14,0,9,4,0,1,0,0
1:56:01,1542,1503,1804,1794,2330,2571,4142,4017,5795,5959,6834,7273,803,755,939,917,1288,1404,2551,2319,3989,4105,5312,5326,383,381,470,502,680,716,1484,1394,2565,2629,3808,3962,217,192,237,242,379,401,771,779,1606,1604,2622,2592,98,111,138,131,176,209,391,450,842,882,1571,1507,56,44,60,56,97,83,184,214,447,447,881,796,7663,7420,6067,6415,4767,4961,3288,3328,2056,2041,1193,1127,0,0,12,0,10,5,9,3,3,0,7,0
1:57:01,1552,1521,1826,1822,2353,2600,4174,4029,5860,5910,6883,7275,828,756,938,902,1310,1455,2579,2337,4034,4159,5399,5426,392,412,480,474,681,714,1508,1356,2596,2651,3843,4008,201,202,226,242,379,391,794,779,1596,1607,2702,2609,94,111,125,139,191,193,395,453,865,897,1589,1556,47,59,54,55,80,100,193,221,436,439,891,824,7802,7536,6157,6447,4791,4961,3350,3371,2037,2096,1202,1146,5,14,0,11,3,9,4,6,0,0,0,0
1:58:01,1570,1539,1825,1797,2367,2558,4210,4014,5916,5994,6903,7357,801,749,949,916,1301,1464,2553,2304,4056,4113,5409,5395,396,403,507,459,702,719,1492,1363,2655,2680,3792,4044,195,205,247,235,362,425,782,765,1637,1617,2675,2635,92,103,125,118,195,200,403,472,846,892,1600,1558,47,61,53,62,88,80,203,221,427,439,885,782,7785,7541,6200,6414,4839,5098,3357,3367,2081,2059,1171,1169,6,9,7,8,6,0,6,0,0,16,8,0
1:59:01,1532,1528,1841,1806,2330,2579,4203,4087,5939,5991,6986,7320,809,760,934,905,1309,1451,2602,2349,4052,4161,5402,5516,392,379,474,488,691,735,1515,1381,2668,2683,3864,4066,202,204,226,248,381,405,778,763,1651,1627,2684,2641,99,95,129,124,189,192,402,465,844,885,1585,1545,56,46,57,51,80,92,200,208,446,442,903,839,7849,7543,6246,6509,4847,5088,3356,3458,2084,2088,1192,1171,0,0,0,14,9,9,11,0,0,4,3,0
2:00:01,1556,1521,1836,1809,2365,2585,4216,4079,5961,6088,6953,7363,817,755,937,921,1317,1435,2594,2356,4084,4182,5459,5529,384,387,497,470,704,753,1518,1400,2688,2660,3916,4096,219,207,234,265,392,408,801,774,1661,1638,2701,2616,116,106,129,133,182,211,397,485,847,934,1597,1563,58,54,67,61,94,93,203,195,454,458,907,813,7964,7650,6378,6621,4906,5088,3396,3476,2096,2122,1209,1178,0,10,22,0,7,4,3,5,12,0,9,2
2:01:01,1545,1524,1838,1799,2391,2560,4250,4129,5976,6101,6993,7386,799,765,944,922,1338,1442,2610,2344,4092,4207,5492,5534,383,383,476,479,705,741,1539,1414,2658,2751,3930,4098,209,201,223,228,383,396,818,773,1649,1678,2723,2674,111,109,134,121,187,208,393,475,858,928,1633,1582,49,53,62,48,100,99,222,230,423,443,900,831,7909,7684,6369,6630,4918,5103,3420,3496,2121,2123,1194,1147,0,15,6,9,0,16,2,12,1,7,4,1